<?xml version="1.0" encoding="utf-8"?>
<!--/309931/194523/2.50/3/4/Connector/-->
<quadcept_library>
  <setting unit="mil" />
  <textstyle name="Default" height="47.244094488189" strokewidth="7.8740157480315" charwidth="47.244094488189" />
  <textstyle name="Dimension" height="19.6850393700787" strokewidth="0" charwidth="19.6850393700787" />
  <textstyle name="H127W0635TH00762" height="50" strokewidth="3" charwidth="25" />
  <textstyle name="H15W15TH02" height="59.0551181102362" strokewidth="7.8740157480315" charwidth="59.0551181102362" />
  <padstyle name="r343_127" surface="True" plated="False" isvia="False" nopaste="False" nomask="True" complex="False" holesize="0">
    <padshape layer="TOP" shape="rectangle" width="49.999999999999" height="135.03937007874" />
    <padshape layer="TOP_SOLDER_MASK" shape="rectangle" width="57.874015748031" height="142.91338582677" />
    <padshape layer="TOP_SOLDER_PASTE" shape="rectangle" width="49.999999999999" height="135.03937007874" />
  </padstyle>
  <footprint name="TSM10301TSV" originx="0" originy="0" pickpointx="0" pickpointy="0">
    <pcbpin number="1" name="1" style="r343_127" originx="99.999999999999" originy="-57.480314960629" rotation="0" />
    <pcbpin number="2" name="2" style="r343_127" originx="0" originy="57.480314960629" rotation="0" />
    <pcbpin number="3" name="3" style="r343_127" originx="-99.999999999999" originy="-57.480314960629" rotation="0" />
    <line layer="TOP_ASSEMBLY" originx="-150" originy="49.999999999999" endx="150" endy="49.999999999999" width="7.8740157480314" />
    <line layer="TOP_ASSEMBLY" originx="150" originy="49.999999999999" endx="150" endy="-49.999999999999" width="7.8740157480314" />
    <line layer="TOP_ASSEMBLY" originx="150" originy="-49.999999999999" endx="-150" endy="-49.999999999999" width="7.8740157480314" />
    <line layer="TOP_ASSEMBLY" originx="-150" originy="-49.999999999999" endx="-150" endy="49.999999999999" width="7.8740157480314" />
    <line layer="TOP_PLACE_BOUND" originx="-189.37007874016" originy="164.37007874016" endx="196.85039370078" endy="164.37007874016" width="3.9370078740157" />
    <line layer="TOP_PLACE_BOUND" originx="196.85039370078" originy="164.37007874016" endx="196.85039370078" endy="-164.37007874016" width="3.9370078740157" />
    <line layer="TOP_PLACE_BOUND" originx="196.85039370078" originy="-164.37007874016" endx="-189.37007874016" endy="-164.37007874016" width="3.9370078740157" />
    <line layer="TOP_PLACE_BOUND" originx="-189.37007874016" originy="-164.37007874016" endx="-189.37007874016" endy="164.37007874016" width="3.9370078740157" />
    <line layer="TOP_SILKSCREEN" originx="59.055118110235" originy="49.999999999999" endx="150" endy="49.999999999999" width="3.9370078740157" />
    <line layer="TOP_SILKSCREEN" originx="150" originy="49.999999999999" endx="150" endy="-49.999999999999" width="3.9370078740157" />
    <line layer="TOP_SILKSCREEN" originx="-59.055118110235" originy="49.999999999999" endx="-150" endy="49.999999999999" width="3.9370078740157" />
    <line layer="TOP_SILKSCREEN" originx="-150" originy="49.999999999999" endx="-150" endy="-49.999999999999" width="3.9370078740157" />
    <line layer="TOP_SILKSCREEN" originx="157.48031496063" originy="-98.425196850392" endx="157.48031496063" endy="-98.425196850392" width="7.8740157480314" />
    <arc layer="TOP_SILKSCREEN" originx="153.54330708661" originy="-98.425196850392" startangle=".0" sweepangle="180.0" radius="3.9370078740157" width="7.8740157480314" />
    <line layer="TOP_SILKSCREEN" originx="149.6062992126" originy="-98.425196850392" endx="149.6062992126" endy="-98.425196850392" width="7.8740157480314" />
    <arc layer="TOP_SILKSCREEN" originx="153.54330708661" originy="-98.425196850392" startangle="180.0" sweepangle="180.0" radius="3.9370078740157" width="7.8740157480314" />
  </footprint>
  <symbol name="TSM-103-01-T-SV" originx="0" originy="0">
    <line originx="200" originy="100" endx="600" endy="100" width="0" />
    <line originx="600" originy="-200" endx="600" endy="100" width="0" />
    <line originx="600" originy="-200" endx="200" endy="-200" width="0" />
    <line originx="200" originy="100" endx="200" endy="-200" width="0" />
    <sympin number="1" originx="200" originy="-100" rotation="180" length="100" width="7.8740157480315" flipped="False">
      <text name="pinname" originx="230" originy="-100" style="Default" rotation="0" justify="left" flipped="False" hidden="False" data="1" />
      <text name="pindes" originx="140" originy="-80" style="Default" rotation="0" justify="lowerright" flipped="False" hidden="False" data="1" />
    </sympin>
    <sympin number="2" originx="600" originy="0" rotation="0" length="100" width="7.8740157480315" flipped="False">
      <text name="pinname" originx="570" originy="0" style="Default" rotation="0" justify="right" flipped="False" hidden="False" data="2" />
      <text name="pindes" originx="660" originy="20" style="Default" rotation="0" justify="lowerleft" flipped="False" hidden="False" data="2" />
    </sympin>
    <sympin number="3" originx="200" originy="0" rotation="180" length="100" width="7.8740157480315" flipped="False">
      <text name="pinname" originx="230" originy="0" style="Default" rotation="0" justify="left" flipped="False" hidden="False" data="3" />
      <text name="pindes" originx="140" originy="20" style="Default" rotation="0" justify="lowerright" flipped="False" hidden="False" data="3" />
    </sympin>
  </symbol>
  <component name="TSM-103-01-T-SV" designatorprefix="J" height="397.63779527559" footprint="TSM10301TSV">
    <comppin designator="1" sympin="1" pinswap="0" gateswap="0" gate="1" group="1" side="" type="Any" name="1" />
    <comppin designator="2" sympin="2" pinswap="0" gateswap="0" gate="1" group="1" side="" type="Any" name="2" />
    <comppin designator="3" sympin="3" pinswap="0" gateswap="0" gate="1" group="1" side="" type="Any" name="3" />
    <attached_symbol gate="1" name="TSM-103-01-T-SV" />
    <pinmap designator="1" footprintpin="1" />
    <pinmap designator="2" footprintpin="2" />
    <pinmap designator="3" footprintpin="3" />
    <text name="Datasheet" originx="0" originy="0" style="Default" rotation="0" justify="" flipped="False" hidden="True" data="https://datasheet.datasheetarchive.com/originals/distributors/Datasheets-DGA22/2098241.pdf" />
    <text name="Description" originx="0" originy="0" style="Default" rotation="0" justify="" flipped="False" hidden="True" data="Headers &amp; Wire Housings .100&quot; Surface Mount Terminal Strip" />
    <text name="Mouser Part Number" originx="0" originy="0" style="Default" rotation="0" justify="" flipped="False" hidden="True" data="200-TSM10301TSV" />
    <text name="Mouser Price/Stock" originx="0" originy="0" style="Default" rotation="0" justify="" flipped="False" hidden="True" data="https://www.mouser.co.uk/ProductDetail/Samtec/TSM-103-01-T-SV?qs=fnpEE5GccuODBRypnzDF8w%3D%3D" />
    <text name="Manufacturer_Name" originx="0" originy="0" style="Default" rotation="0" justify="" flipped="False" hidden="True" data="SAMTEC" />
    <text name="Manufacturer_Part_Number" originx="650" originy="200" style="Default" rotation="0" justify="left" flipped="False" hidden="False" data="TSM-103-01-T-SV" />
  </component>
</quadcept_library>
