<?xml version="1.0" encoding="utf-8"?>
<!--/344829/194523/2.50/2/3/Inductor/-->
<quadcept_library>
  <setting unit="mil" />
  <textstyle name="Default" height="47.244094488189" strokewidth="7.8740157480315" charwidth="47.244094488189" />
  <textstyle name="Dimension" height="19.6850393700787" strokewidth="0" charwidth="19.6850393700787" />
  <textstyle name="H127W0635TH00762" height="50" strokewidth="3" charwidth="25" />
  <textstyle name="H15W15TH02" height="59.0551181102362" strokewidth="7.8740157480315" charwidth="59.0551181102362" />
  <padstyle name="r95_95" surface="True" plated="False" isvia="False" nopaste="False" nomask="True" complex="False" holesize="0">
    <padshape layer="TOP" shape="rectangle" width="37.401574803149" height="37.401574803149" />
    <padshape layer="TOP_SOLDER_MASK" shape="rectangle" width="45.275590551181" height="45.275590551181" />
    <padshape layer="TOP_SOLDER_PASTE" shape="rectangle" width="37.401574803149" height="37.401574803149" />
  </padstyle>
  <footprint name="INDC1608X71N" originx="0" originy="0" pickpointx="0" pickpointy="0">
    <pcbpin number="1" name="1" style="r95_95" originx="-29.527559055118" originy="0" rotation="90" />
    <pcbpin number="2" name="2" style="r95_95" originx="29.527559055118" originy="0" rotation="90" />
    <line layer="TOP_PLACE_BOUND" originx="-58.070866141732" originy="29.527559055118" endx="58.070866141732" endy="29.527559055118" width="1.9685039370079" />
    <line layer="TOP_PLACE_BOUND" originx="58.070866141732" originy="29.527559055118" endx="58.070866141732" endy="-29.527559055118" width="1.9685039370079" />
    <line layer="TOP_PLACE_BOUND" originx="58.070866141732" originy="-29.527559055118" endx="-58.070866141732" endy="-29.527559055118" width="1.9685039370079" />
    <line layer="TOP_PLACE_BOUND" originx="-58.070866141732" originy="-29.527559055118" endx="-58.070866141732" endy="29.527559055118" width="1.9685039370079" />
    <line layer="TOP_ASSEMBLY" originx="-31.496062992126" originy="15.944881889764" endx="31.496062992126" endy="15.944881889764" width="3.9370078740157" />
    <line layer="TOP_ASSEMBLY" originx="31.496062992126" originy="15.944881889764" endx="31.496062992126" endy="-15.944881889764" width="3.9370078740157" />
    <line layer="TOP_ASSEMBLY" originx="31.496062992126" originy="-15.944881889764" endx="-31.496062992126" endy="-15.944881889764" width="3.9370078740157" />
    <line layer="TOP_ASSEMBLY" originx="-31.496062992126" originy="-15.944881889764" endx="-31.496062992126" endy="15.944881889764" width="3.9370078740157" />
    <line layer="TOP_SILKSCREEN" originx="0" originy="12.007874015748" endx="0" endy="-12.007874015748" width="7.8740157480314" />
  </footprint>
  <symbol name="L0603100GGSTR" originx="0" originy="0">
    <arc originx="250" originy="-2" startangle="177.7" sweepangle="-175.4" radius="50" width="0" />
    <arc originx="350" originy="-2" startangle="177.7" sweepangle="-175.4" radius="50" width="0" />
    <arc originx="450" originy="-2" startangle="177.7" sweepangle="-175.4" radius="50" width="0" />
    <arc originx="550" originy="-2" startangle="177.7" sweepangle="-175.4" radius="50" width="0" />
    <sympin number="1" originx="200" originy="0" rotation="180" length="100" width="7.8740157480315" flipped="False">
      <text name="pinname" originx="0" originy="-10" style="Default" rotation="0" justify="upperleft" flipped="False" hidden="True" data="1" />
      <text name="pindes" originx="0" originy="10" style="Default" rotation="0" justify="lowerleft" flipped="False" hidden="False" data="1" />
    </sympin>
    <sympin number="2" originx="600" originy="0" rotation="0" length="100" width="7.8740157480315" flipped="False">
      <text name="pinname" originx="800" originy="-10" style="Default" rotation="0" justify="upperright" flipped="False" hidden="True" data="2" />
      <text name="pindes" originx="800" originy="10" style="Default" rotation="0" justify="lowerright" flipped="False" hidden="False" data="2" />
    </sympin>
  </symbol>
  <component name="L0603100GGSTR" designatorprefix="L" height="27.952755905511" footprint="INDC1608X71N">
    <comppin designator="1" sympin="1" pinswap="0" gateswap="0" gate="1" group="1" side="" type="Any" name="1" />
    <comppin designator="2" sympin="2" pinswap="0" gateswap="0" gate="1" group="1" side="" type="Any" name="2" />
    <attached_symbol gate="1" name="L0603100GGSTR" />
    <pinmap designator="1" footprintpin="1" />
    <pinmap designator="2" footprintpin="2" />
    <text name="Datasheet" originx="0" originy="0" style="Default" rotation="0" justify="" flipped="False" hidden="True" data="" />
    <text name="Description" originx="0" originy="0" style="Default" rotation="0" justify="" flipped="False" hidden="True" data="Fixed Inductors 10nH 2% 0603 SMD High Q RF" />
    <text name="Mouser Part Number" originx="0" originy="0" style="Default" rotation="0" justify="" flipped="False" hidden="True" data="581-L0603100GGSTR" />
    <text name="Mouser Price/Stock" originx="0" originy="0" style="Default" rotation="0" justify="" flipped="False" hidden="True" data="https://www.mouser.co.uk/ProductDetail/AVX/L0603100GGSTR?qs=AN%2FjzIGj%2FCUcxGzyDDsRKA%3D%3D" />
    <text name="Manufacturer_Name" originx="0" originy="0" style="Default" rotation="0" justify="" flipped="False" hidden="True" data="Kyocera AVX" />
    <text name="Manufacturer_Part_Number" originx="650" originy="150" style="Default" rotation="0" justify="left" flipped="False" hidden="False" data="L0603100GGSTR" />
  </component>
</quadcept_library>
