<?xml version="1.0" encoding="utf-8"?>
<!--/248901/194523/2.50/3/4/Connector/-->
<quadcept_library>
  <setting unit="mil" />
  <textstyle name="Default" height="47.244094488189" strokewidth="7.8740157480315" charwidth="47.244094488189" />
  <textstyle name="Dimension" height="19.6850393700787" strokewidth="0" charwidth="19.6850393700787" />
  <textstyle name="H127W0635TH00762" height="50" strokewidth="3" charwidth="25" />
  <textstyle name="H15W15TH02" height="59.0551181102362" strokewidth="7.8740157480315" charwidth="59.0551181102362" />
  <padstyle name="r508_241.3" surface="True" plated="False" isvia="False" nopaste="False" nomask="True" complex="False" holesize="0">
    <padshape layer="TOP" shape="rectangle" width="94.999999999999" height="200" />
    <padshape layer="TOP_SOLDER_MASK" shape="rectangle" width="102.87401574803" height="207.87401574803" />
    <padshape layer="TOP_SOLDER_PASTE" shape="rectangle" width="94.999999999999" height="200" />
  </padstyle>
  <padstyle name="r508_228.6" surface="True" plated="False" isvia="False" nopaste="False" nomask="True" complex="False" holesize="0">
    <padshape layer="TOP" shape="rectangle" width="89.999999999999" height="200" />
    <padshape layer="TOP_SOLDER_MASK" shape="rectangle" width="97.87401574803" height="207.87401574803" />
    <padshape layer="TOP_SOLDER_PASTE" shape="rectangle" width="89.999999999999" height="200" />
  </padstyle>
  <footprint name="142-0701-851" originx="0" originy="0" pickpointx="0" pickpointy="0">
    <pcbpin number="1" name="1" style="r508_241.3" originx="-258.75" originy="-164.96062992126" rotation="0" />
    <pcbpin number="2" name="2" style="r508_228.6" originx="-86.249999999999" originy="-164.96062992126" rotation="0" />
    <pcbpin number="3" name="3" style="r508_241.3" originx="86.249999999999" originy="-164.96062992126" rotation="0" />
    <line layer="TOP_ASSEMBLY" originx="-273.65157480315" originy="0" endx="101.15157480315" endy="0" width="7.8740157480314" />
    <line layer="TOP_ASSEMBLY" originx="101.15157480315" originy="0" endx="101.15157480315" endy="-251.968503937" width="7.8740157480314" />
    <line layer="TOP_ASSEMBLY" originx="101.15157480315" originy="-251.968503937" endx="-273.65157480315" endy="-251.968503937" width="7.8740157480314" />
    <line layer="TOP_ASSEMBLY" originx="-273.65157480315" originy="-251.968503937" endx="-273.65157480315" endy="0" width="7.8740157480314" />
    <line layer="TOP_SILKSCREEN" originx="-199.7342519685" originy="-251.968503937" endx="-145.26574803149" endy="-251.968503937" width="7.8740157480314" />
    <line layer="TOP_SILKSCREEN" originx="-27.234251968504" originy="-251.968503937" endx="27.234251968504" endy="-251.968503937" width="7.8740157480314" />
  </footprint>
  <symbol name="142-0701-801" originx="0" originy="0">
    <line originx="200" originy="100" endx="600" endy="100" width="0" />
    <line originx="600" originy="-300" endx="600" endy="100" width="0" />
    <line originx="600" originy="-300" endx="200" endy="-300" width="0" />
    <line originx="200" originy="100" endx="200" endy="-300" width="0" />
    <sympin number="1" originx="200" originy="0" rotation="180" length="100" width="7.8740157480315" flipped="False">
      <text name="pinname" originx="230" originy="0" style="Default" rotation="0" justify="left" flipped="False" hidden="False" data="1" />
      <text name="pindes" originx="140" originy="20" style="Default" rotation="0" justify="lowerright" flipped="False" hidden="False" data="1" />
    </sympin>
    <sympin number="2" originx="200" originy="-100" rotation="180" length="100" width="7.8740157480315" flipped="False">
      <text name="pinname" originx="230" originy="-100" style="Default" rotation="0" justify="left" flipped="False" hidden="False" data="2" />
      <text name="pindes" originx="140" originy="-80" style="Default" rotation="0" justify="lowerright" flipped="False" hidden="False" data="2" />
    </sympin>
    <sympin number="3" originx="200" originy="-200" rotation="180" length="100" width="7.8740157480315" flipped="False">
      <text name="pinname" originx="230" originy="-200" style="Default" rotation="0" justify="left" flipped="False" hidden="False" data="3" />
      <text name="pindes" originx="140" originy="-180" style="Default" rotation="0" justify="lowerright" flipped="False" hidden="False" data="3" />
    </sympin>
  </symbol>
  <component name="142-0701-801" designatorprefix="J" height="0" footprint="142-0701-851">
    <comppin designator="1" sympin="1" pinswap="0" gateswap="0" gate="1" group="1" side="" type="Any" name="1" />
    <comppin designator="2" sympin="2" pinswap="0" gateswap="0" gate="1" group="1" side="" type="Any" name="2" />
    <comppin designator="3" sympin="3" pinswap="0" gateswap="0" gate="1" group="1" side="" type="Any" name="3" />
    <attached_symbol gate="1" name="142-0701-801" />
    <pinmap designator="1" footprintpin="1" />
    <pinmap designator="2" footprintpin="2" />
    <pinmap designator="3" footprintpin="3" />
    <text name="Datasheet" originx="0" originy="0" style="Default" rotation="0" justify="" flipped="False" hidden="True" data="" />
    <text name="Description" originx="0" originy="0" style="Default" rotation="0" justify="" flipped="False" hidden="True" data="JOHNSON - 142-0701-801 - \u5C04\u9891/\u540C\u8F74\u63D2\u5B54, SMA, PCB\u5B89\u88C5" />
    <text name="Mouser Part Number" originx="0" originy="0" style="Default" rotation="0" justify="" flipped="False" hidden="True" data="530-142-0701-801" />
    <text name="Mouser Price/Stock" originx="0" originy="0" style="Default" rotation="0" justify="" flipped="False" hidden="True" data="https://www.mouser.co.uk/ProductDetail/Johnson-Cinch-Connectivity-Solutions/142-0701-801?qs=PcPxjN2Z58KbDaDuDxyLHA%3D%3D" />
    <text name="Manufacturer_Name" originx="0" originy="0" style="Default" rotation="0" justify="" flipped="False" hidden="True" data="Cinch Connectivity Solutions" />
    <text name="Manufacturer_Part_Number" originx="650" originy="200" style="Default" rotation="0" justify="left" flipped="False" hidden="False" data="142-0701-801" />
  </component>
</quadcept_library>
